Id	Title	Url	Path	IsPaidOnly	Difficulty	Likes	Dislikes	ContentFeatures	SnippetFeatures	gpt-4-0125-preview Solved At	gpt-4-0125-preview Submitted At	gpt-4-0125-preview Result	gemini-1.0-pro Solved At	gemini-1.0-pro Submitted At	gemini-1.0-pro Result	claude-3-opus-20240229 Solved At	claude-3-opus-20240229 Submitted At	claude-3-opus-20240229 Result	
2914	Minimum Number of Changes to Make Binary String Beautiful	https://leetcode.com/problems/minimum-number-of-changes-to-make-binary-string-beautiful/	problems/minimum-number-of-changes-to-make-binary-string-beautiful.json	false	Medium	129	11			2024-03-17 10:50:03		Accepted	2024-03-17 09:51:07		Wrong Answer	2024-03-17 12:34:56		Wrong Answer	
2957	Remove Adjacent Almost-Equal Characters	https://leetcode.com/problems/remove-adjacent-almost-equal-characters/	problems/remove-adjacent-almost-equal-characters.json	false	Medium	145	19			2024-03-17 10:38:44		Accepted	2024-03-17 09:46:33		Wrong Answer	2024-03-17 12:16:14		Accepted	
2939	Maximum Xor Product	https://leetcode.com/problems/maximum-xor-product/	problems/maximum-xor-product.json	false	Medium	171	64			2024-03-17 10:43:15		Wrong Answer	2024-03-17 09:48:56		Wrong Answer	2024-03-17 12:23:33		Wrong Answer	
3040	Maximum Number of Operations With the Same Score II	https://leetcode.com/problems/maximum-number-of-operations-with-the-same-score-ii/	problems/maximum-number-of-operations-with-the-same-score-ii.json	false	Medium	116	10			2024-03-17 10:19:04		Wrong Answer	2024-03-17 09:39:54		Wrong Answer	2024-03-17 11:44:23		Wrong Answer	
3002	Maximum Size of a Set After Removals	https://leetcode.com/problems/maximum-size-of-a-set-after-removals/	problems/maximum-size-of-a-set-after-removals.json	false	Medium	252	22			2024-03-17 10:29:21		Wrong Answer	2024-03-17 09:42:35		Wrong Answer	2024-03-17 12:01:41		Wrong Answer	
3065	Minimum Operations to Exceed Threshold Value I	https://leetcode.com/problems/minimum-operations-to-exceed-threshold-value-i/	problems/minimum-operations-to-exceed-threshold-value-i.json	false	Easy	41	2			2024-03-17 10:14:58		Accepted	2024-03-17 09:39:06		Wrong Answer	2024-03-17 11:39:10		Accepted	
2841	Maximum Sum of Almost Unique Subarray	https://leetcode.com/problems/maximum-sum-of-almost-unique-subarray/	problems/maximum-sum-of-almost-unique-subarray.json	false	Medium	253	135			2024-03-17 11:11:33		Accepted	2024-03-17 09:56:59		Wrong Answer	2024-03-17 12:59:03		Accepted	
3029	Minimum Time to Revert Word to Initial State I	https://leetcode.com/problems/minimum-time-to-revert-word-to-initial-state-i/	problems/minimum-time-to-revert-word-to-initial-state-i.json	false	Medium	123	28			2024-03-17 10:21:54		Wrong Answer	2024-03-17 09:40:48		Wrong Answer	2024-03-17 11:49:00		Wrong Answer	
2740	Find the Value of the Partition	https://leetcode.com/problems/find-the-value-of-the-partition/	problems/find-the-value-of-the-partition.json	false	Medium	271	17			2024-03-17 11:30:03		Accepted	2024-03-17 10:04:46		Accepted	2024-03-17 13:31:52		Accepted	
2857	Count Pairs of Points With Distance k	https://leetcode.com/problems/count-pairs-of-points-with-distance-k/	problems/count-pairs-of-points-with-distance-k.json	false	Medium	252	37			2024-03-17 11:06:59		Time Limit Exceeded	2024-03-17 09:55:36		Wrong Answer	2024-03-17 12:52:51		Time Limit Exceeded	
2828	Check if a String Is an Acronym of Words	https://leetcode.com/problems/check-if-a-string-is-an-acronym-of-words/	problems/check-if-a-string-is-an-acronym-of-words.json	false	Easy	286	9			2024-03-17 11:14:28		Accepted	2024-03-17 09:57:36		Accepted	2024-03-17 13:03:53		Accepted	
2750	Ways to Split Array Into Good Subarrays	https://leetcode.com/problems/ways-to-split-array-into-good-subarrays/	problems/ways-to-split-array-into-good-subarrays.json	false	Medium	413	11			2024-03-17 11:27:23		Wrong Answer	2024-03-17 10:03:48		Wrong Answer	2024-03-17 13:27:18		Accepted	
2742	Painting the Walls	https://leetcode.com/problems/painting-the-walls/	problems/painting-the-walls.json	false	Hard	1326	78			2024-03-17 11:29:28		Wrong Answer	2024-03-17 10:04:39		Wrong Answer	2024-03-17 13:30:49		Wrong Answer	
3012	Minimize Length of Array Using Operations	https://leetcode.com/problems/minimize-length-of-array-using-operations/	problems/minimize-length-of-array-using-operations.json	false	Medium	138	37			2024-03-17 10:26:49		Wrong Answer	2024-03-17 09:41:47		Wrong Answer	2024-03-17 11:56:53		Runtime Error	
2896	Apply Operations to Make Two Strings Equal	https://leetcode.com/problems/apply-operations-to-make-two-strings-equal/	problems/apply-operations-to-make-two-strings-equal.json	false	Medium	316	65			2024-03-17 10:55:35		Wrong Answer	2024-03-17 09:53:31		Runtime Error	2024-03-17 12:42:57		Wrong Answer	
2790	Maximum Number of Groups With Increasing Length	https://leetcode.com/problems/maximum-number-of-groups-with-increasing-length/	problems/maximum-number-of-groups-with-increasing-length.json	false	Hard	390	39			2024-03-17 11:20:39		Wrong Answer	2024-03-17 10:00:22		Wrong Answer	2024-03-17 13:15:01		Wrong Answer	
3048	Earliest Second to Mark Indices I	https://leetcode.com/problems/earliest-second-to-mark-indices-i/	problems/earliest-second-to-mark-indices-i.json	false	Medium	137	65			2024-03-17 10:15:51		Wrong Answer	2024-03-17 09:39:16		Wrong Answer	2024-03-17 11:40:14		Wrong Answer	
2810	Faulty Keyboard	https://leetcode.com/problems/faulty-keyboard/	problems/faulty-keyboard.json	false	Easy	397	7			2024-03-17 11:17:58		Accepted	2024-03-17 09:59:44		Accepted	2024-03-17 13:09:59		Accepted	
2956	Find Common Elements Between Two Arrays	https://leetcode.com/problems/find-common-elements-between-two-arrays/	problems/find-common-elements-between-two-arrays.json	false	Easy	128	49			2024-03-17 10:38:55		Wrong Answer	2024-03-17 09:47:07		Accepted	2024-03-17 12:16:40		Wrong Answer	
2785	Sort Vowels in a String	https://leetcode.com/problems/sort-vowels-in-a-string/	problems/sort-vowels-in-a-string.json	false	Medium	938	54			2024-03-17 11:21:48		Accepted	2024-03-17 10:00:47		Accepted	2024-03-17 13:17:23		Accepted	
2809	Minimum Time to Make Array Sum At Most x	https://leetcode.com/problems/minimum-time-to-make-array-sum-at-most-x/	problems/minimum-time-to-make-array-sum-at-most-x.json	false	Hard	221	11			2024-03-17 11:18:25		Wrong Answer	2024-03-17 09:59:48		Wrong Answer	2024-03-17 13:10:34		Wrong Answer	
3028	Ant on the Boundary	https://leetcode.com/problems/ant-on-the-boundary/	problems/ant-on-the-boundary.json	false	Easy	73	24			2024-03-17 10:22:02		Accepted	2024-03-17 09:40:51		Accepted	2024-03-17 11:49:21		Accepted	
2968	Apply Operations to Maximize Frequency Score	https://leetcode.com/problems/apply-operations-to-maximize-frequency-score/	problems/apply-operations-to-maximize-frequency-score.json	false	Hard	216	4			2024-03-17 10:35:47		Wrong Answer	2024-03-17 09:45:47		Time Limit Exceeded	2024-03-17 12:11:15		Wrong Answer	
2800	Shortest String That Contains Three Strings	https://leetcode.com/problems/shortest-string-that-contains-three-strings/	problems/shortest-string-that-contains-three-strings.json	false	Medium	308	250			2024-03-17 11:19:44		Wrong Answer	2024-03-17 10:00:07		Wrong Answer	2024-03-17 13:13:06		Wrong Answer	
2947	Count Beautiful Substrings I	https://leetcode.com/problems/count-beautiful-substrings-i/	problems/count-beautiful-substrings-i.json	false	Medium	116	10			2024-03-17 10:41:12		Accepted	2024-03-17 09:48:28		Wrong Answer	2024-03-17 12:20:19		Accepted	
2911	Minimum Changes to Make K Semi-palindromes	https://leetcode.com/problems/minimum-changes-to-make-k-semi-palindromes/	problems/minimum-changes-to-make-k-semi-palindromes.json	false	Hard	62	83			2024-03-17 10:50:47		Wrong Answer	2024-03-17 09:51:17		Runtime Error	2024-03-17 12:36:07		Wrong Answer	
2982	Find Longest Special Substring That Occurs Thrice II	https://leetcode.com/problems/find-longest-special-substring-that-occurs-thrice-ii/	problems/find-longest-special-substring-that-occurs-thrice-ii.json	false	Medium	211	23			2024-03-17 10:31:46		Wrong Answer	2024-03-17 09:44:22		Wrong Answer	2024-03-17 12:05:47		Wrong Answer	
2873	Maximum Value of an Ordered Triplet I	https://leetcode.com/problems/maximum-value-of-an-ordered-triplet-i/	problems/maximum-value-of-an-ordered-triplet-i.json	false	Easy	151	13			2024-03-17 10:57:50		Wrong Answer	2024-03-17 09:53:56		Wrong Answer	2024-03-17 12:45:41		Accepted	
2846	Minimum Edge Weight Equilibrium Queries in a Tree	https://leetcode.com/problems/minimum-edge-weight-equilibrium-queries-in-a-tree/	problems/minimum-edge-weight-equilibrium-queries-in-a-tree.json	false	Hard	278	6	img		2024-03-17 11:09:35		Time Limit Exceeded	2024-03-17 09:56:38		Wrong Answer	2024-03-17 12:56:20		Wrong Answer	
2949	Count Beautiful Substrings II	https://leetcode.com/problems/count-beautiful-substrings-ii/	problems/count-beautiful-substrings-ii.json	false	Hard	161	6			2024-03-17 10:40:31		Time Limit Exceeded	2024-03-17 09:48:17		Wrong Answer	2024-03-17 12:19:12		Time Limit Exceeded	
2751	Robot Collisions	https://leetcode.com/problems/robot-collisions/	problems/robot-collisions.json	false	Hard	403	16	img		2024-03-17 11:26:41		Wrong Answer	2024-03-17 10:03:30		Wrong Answer	2024-03-17 13:26:48		Wrong Answer	
3005	Count Elements With Maximum Frequency	https://leetcode.com/problems/count-elements-with-maximum-frequency/	problems/count-elements-with-maximum-frequency.json	false	Easy	579	62			2024-03-17 10:28:26		Accepted	2024-03-17 09:42:24		Wrong Answer	2024-03-17 12:00:40		Accepted	
2919	Minimum Increment Operations to Make Array Beautiful	https://leetcode.com/problems/minimum-increment-operations-to-make-array-beautiful/	problems/minimum-increment-operations-to-make-array-beautiful.json	false	Medium	287	18			2024-03-17 10:48:35		Wrong Answer	2024-03-17 09:50:34		Wrong Answer	2024-03-17 12:32:11		Wrong Answer	
2843	  Count Symmetric Integers	https://leetcode.com/problems/count-symmetric-integers/	problems/count-symmetric-integers.json	false	Easy	236	11			2024-03-17 11:10:13		Accepted	2024-03-17 09:56:50		Wrong Answer	2024-03-17 12:57:58		Accepted	
2948	Make Lexicographically Smallest Array by Swapping Elements	https://leetcode.com/problems/make-lexicographically-smallest-array-by-swapping-elements/	problems/make-lexicographically-smallest-array-by-swapping-elements.json	false	Medium	228	14			2024-03-17 10:40:54		Wrong Answer	2024-03-17 09:48:24		Runtime Error	2024-03-17 12:19:47		Wrong Answer	
2779	Maximum Beauty of an Array After Applying Operation	https://leetcode.com/problems/maximum-beauty-of-an-array-after-applying-operation/	problems/maximum-beauty-of-an-array-after-applying-operation.json	false	Medium	583	12			2024-03-17 11:22:38		Wrong Answer	2024-03-17 10:01:31		Wrong Answer	2024-03-17 13:19:27		Accepted	
2801	Count Stepping Numbers in Range	https://leetcode.com/problems/count-stepping-numbers-in-range/	problems/count-stepping-numbers-in-range.json	false	Hard	320	10			2024-03-17 11:19:25		Time Limit Exceeded	2024-03-17 10:00:03		Runtime Error	2024-03-17 13:12:35		Wrong Answer	
2825	Make String a Subsequence Using Cyclic Increments	https://leetcode.com/problems/make-string-a-subsequence-using-cyclic-increments/	problems/make-string-a-subsequence-using-cyclic-increments.json	false	Medium	302	13			2024-03-17 11:15:13		Accepted	2024-03-17 09:58:15		Wrong Answer	2024-03-17 13:05:21		Wrong Answer	
2962	Count Subarrays Where Max Element Appears at Least K Times	https://leetcode.com/problems/count-subarrays-where-max-element-appears-at-least-k-times/	problems/count-subarrays-where-max-element-appears-at-least-k-times.json	false	Medium	263	13			2024-03-17 10:37:34		Accepted	2024-03-17 09:46:15		Wrong Answer	2024-03-17 12:13:53		Wrong Answer	
3038	Maximum Number of Operations With the Same Score I	https://leetcode.com/problems/maximum-number-of-operations-with-the-same-score-i/	problems/maximum-number-of-operations-with-the-same-score-i.json	false	Easy	56	14			2024-03-17 10:20:03		Wrong Answer	2024-03-17 09:40:06		Wrong Answer	2024-03-17 11:45:17		Wrong Answer	
3069	Distribute Elements Into Two Arrays I	https://leetcode.com/problems/distribute-elements-into-two-arrays-i/	problems/distribute-elements-into-two-arrays-i.json	false	Easy	51	11			2024-03-17 10:13:42		Accepted	2024-03-17 09:38:49		Runtime Error	2024-03-17 11:37:05		Accepted	
2996	Smallest Missing Integer Greater Than Sequential Prefix Sum	https://leetcode.com/problems/smallest-missing-integer-greater-than-sequential-prefix-sum/	problems/smallest-missing-integer-greater-than-sequential-prefix-sum.json	false	Easy	87	194			2024-03-17 10:31:01		Wrong Answer	2024-03-17 09:44:14		Wrong Answer	2024-03-17 12:04:43		Wrong Answer	
3020	Find the Maximum Number of Elements in Subset	https://leetcode.com/problems/find-the-maximum-number-of-elements-in-subset/	problems/find-the-maximum-number-of-elements-in-subset.json	false	Medium	153	32			2024-03-17 10:24:27		Wrong Answer	2024-03-17 09:41:18		Wrong Answer	2024-03-17 11:53:06		Wrong Answer	
2855	Minimum Right Shifts to Sort the Array	https://leetcode.com/problems/minimum-right-shifts-to-sort-the-array/	problems/minimum-right-shifts-to-sort-the-array.json	false	Easy	195	8			2024-03-17 11:07:38		Wrong Answer	2024-03-17 09:56:11		Wrong Answer	2024-03-17 12:53:41		Wrong Answer	
2817	Minimum Absolute Difference Between Elements With Constraint	https://leetcode.com/problems/minimum-absolute-difference-between-elements-with-constraint/	problems/minimum-absolute-difference-between-elements-with-constraint.json	false	Medium	647	66			2024-03-17 11:16:01		Runtime Error	2024-03-17 09:59:10		Wrong Answer	2024-03-17 13:06:48		Time Limit Exceeded	
2745	Construct the Longest New String	https://leetcode.com/problems/construct-the-longest-new-string/	problems/construct-the-longest-new-string.json	false	Medium	290	20			2024-03-17 11:28:52		Wrong Answer	2024-03-17 10:04:31		Wrong Answer	2024-03-17 13:30:02		Wrong Answer	
2861	Maximum Number of Alloys	https://leetcode.com/problems/maximum-number-of-alloys/	problems/maximum-number-of-alloys.json	false	Medium	248	41			2024-03-17 11:05:43		Wrong Answer	2024-03-17 09:54:38		Wrong Answer	2024-03-17 12:50:42		Wrong Answer	
2981	Find Longest Special Substring That Occurs Thrice I	https://leetcode.com/problems/find-longest-special-substring-that-occurs-thrice-i/	problems/find-longest-special-substring-that-occurs-thrice-i.json	false	Medium	134	9			2024-03-17 10:32:02		Wrong Answer	2024-03-17 09:44:26		Wrong Answer	2024-03-17 12:06:15		Wrong Answer	
3049	Earliest Second to Mark Indices II	https://leetcode.com/problems/earliest-second-to-mark-indices-ii/	problems/earliest-second-to-mark-indices-ii.json	false	Hard	68	17			2024-03-17 10:15:27		Wrong Answer	2024-03-17 09:39:12		Runtime Error	2024-03-17 11:39:37		Wrong Answer	
2997	Minimum Number of Operations to Make Array XOR Equal to K	https://leetcode.com/problems/minimum-number-of-operations-to-make-array-xor-equal-to-k/	problems/minimum-number-of-operations-to-make-array-xor-equal-to-k.json	false	Medium	86	6			2024-03-17 10:30:53		Accepted	2024-03-17 09:44:08		Wrong Answer	2024-03-17 12:04:15		Wrong Answer	
2946	Matrix Similarity After Cyclic Shifts	https://leetcode.com/problems/matrix-similarity-after-cyclic-shifts/	problems/matrix-similarity-after-cyclic-shifts.json	false	Easy	91	52	img		2024-03-17 10:41:25		Accepted	2024-03-17 09:48:32		Wrong Answer	2024-03-17 12:20:47		Accepted	
3077	Maximum Strength of K Disjoint Subarrays	https://leetcode.com/problems/maximum-strength-of-k-disjoint-subarrays/	problems/maximum-strength-of-k-disjoint-subarrays.json	false	Hard	92	61			2024-03-17 10:11:57		Wrong Answer	2024-03-17 09:38:19		Wrong Answer	2024-03-17 11:33:29		Wrong Answer	
2747	Count Zero Request Servers	https://leetcode.com/problems/count-zero-request-servers/	problems/count-zero-request-servers.json	false	Medium	314	32			2024-03-17 11:28:11		Wrong Answer	2024-03-17 10:04:21		Runtime Error	2024-03-17 13:28:45		Wrong Answer	
3045	Count Prefix and Suffix Pairs II	https://leetcode.com/problems/count-prefix-and-suffix-pairs-ii/	problems/count-prefix-and-suffix-pairs-ii.json	false	Hard	121	7			2024-03-17 10:16:46		Wrong Answer	2024-03-17 09:39:28		Wrong Answer	2024-03-17 11:41:41		Time Limit Exceeded	
2909	Minimum Sum of Mountain Triplets II	https://leetcode.com/problems/minimum-sum-of-mountain-triplets-ii/	problems/minimum-sum-of-mountain-triplets-ii.json	false	Medium	177	4			2024-03-17 10:52:00		Accepted	2024-03-17 09:51:23		Wrong Answer	2024-03-17 12:37:13		Time Limit Exceeded	
2772	Apply Operations to Make All Array Elements Equal to Zero	https://leetcode.com/problems/apply-operations-to-make-all-array-elements-equal-to-zero/	problems/apply-operations-to-make-all-array-elements-equal-to-zero.json	false	Medium	351	22			2024-03-17 11:23:08		Runtime Error	2024-03-17 10:01:50		Wrong Answer	2024-03-17 13:20:15		Wrong Answer	
2908	Minimum Sum of Mountain Triplets I	https://leetcode.com/problems/minimum-sum-of-mountain-triplets-i/	problems/minimum-sum-of-mountain-triplets-i.json	false	Easy	140	7			2024-03-17 10:52:24		Wrong Answer	2024-03-17 09:51:26		Wrong Answer	2024-03-17 12:37:44		Accepted	
2977	Minimum Cost to Convert String II	https://leetcode.com/problems/minimum-cost-to-convert-string-ii/	problems/minimum-cost-to-convert-string-ii.json	false	Hard	76	67			2024-03-17 10:33:06		Wrong Answer	2024-03-17 09:44:33		Wrong Answer	2024-03-17 12:07:17		Wrong Answer	
2933	High-Access Employees	https://leetcode.com/problems/high-access-employees/	problems/high-access-employees.json	false	Medium	184	18			2024-03-17 10:44:53		Accepted	2024-03-17 09:49:17		Wrong Answer	2024-03-17 12:26:19		Wrong Answer	
2998	Minimum Number of Operations to Make X and Y Equal	https://leetcode.com/problems/minimum-number-of-operations-to-make-x-and-y-equal/	problems/minimum-number-of-operations-to-make-x-and-y-equal.json	false	Medium	192	19			2024-03-17 10:30:30		Accepted	2024-03-17 09:43:59		Wrong Answer	2024-03-17 12:03:40		Wrong Answer	
3039	Apply Operations to Make String Empty	https://leetcode.com/problems/apply-operations-to-make-string-empty/	problems/apply-operations-to-make-string-empty.json	false	Medium	105	5			2024-03-17 10:19:32		Wrong Answer	2024-03-17 09:40:00		Wrong Answer	2024-03-17 11:44:50		Wrong Answer	
2760	Longest Even Odd Subarray With Threshold	https://leetcode.com/problems/longest-even-odd-subarray-with-threshold/	problems/longest-even-odd-subarray-with-threshold.json	false	Easy	277	260			2024-03-17 11:26:17		Wrong Answer	2024-03-17 10:03:11		Runtime Error	2024-03-17 13:26:05		Accepted	
3000	Maximum Area of Longest Diagonal Rectangle	https://leetcode.com/problems/maximum-area-of-longest-diagonal-rectangle/	problems/maximum-area-of-longest-diagonal-rectangle.json	false	Easy	88	13			2024-03-17 10:29:56		Accepted	2024-03-17 09:43:23		Accepted	2024-03-17 12:02:38		Accepted	
2834	Find the Minimum Possible Sum of a Beautiful Array	https://leetcode.com/problems/find-the-minimum-possible-sum-of-a-beautiful-array/	problems/find-the-minimum-possible-sum-of-a-beautiful-array.json	false	Medium	284	46			2024-03-17 11:13:04		Wrong Answer	2024-03-17 09:57:18		Wrong Answer	2024-03-17 13:01:37		Wrong Answer	
2897	Apply Operations on Array to Maximize Sum of Squares	https://leetcode.com/problems/apply-operations-on-array-to-maximize-sum-of-squares/	problems/apply-operations-on-array-to-maximize-sum-of-squares.json	false	Hard	173	4			2024-03-17 10:55:09		Wrong Answer	2024-03-17 09:53:21		Wrong Answer	2024-03-17 12:42:23		Wrong Answer	
2967	Minimum Cost to Make Array Equalindromic	https://leetcode.com/problems/minimum-cost-to-make-array-equalindromic/	problems/minimum-cost-to-make-array-equalindromic.json	false	Medium	203	84			2024-03-17 10:36:24		Wrong Answer	2024-03-17 09:45:58		Runtime Error	2024-03-17 12:11:45		Time Limit Exceeded	
3007	Maximum Number That Sum of the Prices Is Less Than or Equal to K	https://leetcode.com/problems/maximum-number-that-sum-of-the-prices-is-less-than-or-equal-to-k/	problems/maximum-number-that-sum-of-the-prices-is-less-than-or-equal-to-k.json	false	Medium	170	95			2024-03-17 10:27:59		Wrong Answer	2024-03-17 09:42:13		Wrong Answer	2024-03-17 11:59:42		Time Limit Exceeded	
2831	Find the Longest Equal Subarray	https://leetcode.com/problems/find-the-longest-equal-subarray/	problems/find-the-longest-equal-subarray.json	false	Medium	626	16			2024-03-17 11:13:30		Wrong Answer	2024-03-17 09:57:25		Wrong Answer	2024-03-17 13:02:32		Wrong Answer	
2767	Partition String Into Minimum Beautiful Substrings	https://leetcode.com/problems/partition-string-into-minimum-beautiful-substrings/	problems/partition-string-into-minimum-beautiful-substrings.json	false	Medium	326	12			2024-03-17 11:24:42		Accepted	2024-03-17 10:02:18		Wrong Answer	2024-03-17 13:23:03		Wrong Answer	
2812	Find the Safest Path in a Grid	https://leetcode.com/problems/find-the-safest-path-in-a-grid/	problems/find-the-safest-path-in-a-grid.json	false	Medium	761	90	img		2024-03-17 11:17:32		Wrong Answer	2024-03-17 09:59:35		Wrong Answer	2024-03-17 13:09:04		Wrong Answer	
3024	Type of Triangle	https://leetcode.com/problems/type-of-triangle/	problems/type-of-triangle.json	false	Easy	66	9			2024-03-17 10:23:24		Accepted	2024-03-17 09:41:07		Accepted	2024-03-17 11:51:11		Accepted	
2744	Find Maximum Number of String Pairs	https://leetcode.com/problems/find-maximum-number-of-string-pairs/	problems/find-maximum-number-of-string-pairs.json	false	Easy	319	12			2024-03-17 11:29:12		Accepted	2024-03-17 10:04:35		Wrong Answer	2024-03-17 13:30:25		Accepted	
2865	Beautiful Towers I	https://leetcode.com/problems/beautiful-towers-i/	problems/beautiful-towers-i.json	false	Medium	182	34			2024-03-17 11:00:16		Wrong Answer	2024-03-17 09:54:26		Wrong Answer	2024-03-17 12:49:18		Wrong Answer	
2942	Find Words Containing Character	https://leetcode.com/problems/find-words-containing-character/	problems/find-words-containing-character.json	false	Easy	235	18			2024-03-17 10:42:43		Accepted	2024-03-17 09:48:47		Accepted	2024-03-17 12:22:33		Accepted	
2924	Find Champion II	https://leetcode.com/problems/find-champion-ii/	problems/find-champion-ii.json	false	Medium	123	8	img		2024-03-17 10:47:21		Accepted	2024-03-17 09:50:05		Wrong Answer	2024-03-17 12:30:44		Wrong Answer	
2972	Count the Number of Incremovable Subarrays II	https://leetcode.com/problems/count-the-number-of-incremovable-subarrays-ii/	problems/count-the-number-of-incremovable-subarrays-ii.json	false	Hard	177	18			2024-03-17 10:34:45		Time Limit Exceeded	2024-03-17 09:45:18		Wrong Answer	2024-03-17 12:09:55		Wrong Answer	
2943	Maximize Area of Square Hole in Grid	https://leetcode.com/problems/maximize-area-of-square-hole-in-grid/	problems/maximize-area-of-square-hole-in-grid.json	false	Medium	104	129	img		2024-03-17 10:42:37		Wrong Answer	2024-03-17 09:48:43		Wrong Answer	2024-03-17 12:22:15		Wrong Answer	
2917	Find the K-or of an Array	https://leetcode.com/problems/find-the-k-or-of-an-array/	problems/find-the-k-or-of-an-array.json	false	Easy	89	252			2024-03-17 10:49:16		Accepted	2024-03-17 09:50:53		Accepted	2024-03-17 12:33:17		Accepted	
3079	Find the Sum of Encrypted Integers	https://leetcode.com/problems/find-the-sum-of-encrypted-integers/	problems/find-the-sum-of-encrypted-integers.json	false	Easy	19	3			2024-03-17 09:36:41		Accepted	2024-03-17 09:38:08		Wrong Answer	2024-03-17 09:34:44		Accepted	
2951	Find the Peaks	https://leetcode.com/problems/find-the-peaks/	problems/find-the-peaks.json	false	Easy	129	13			2024-03-17 10:40:07		Accepted	2024-03-17 09:48:11		Accepted	2024-03-17 12:18:39		Accepted	
2771	Longest Non-decreasing Subarray From Two Arrays	https://leetcode.com/problems/longest-non-decreasing-subarray-from-two-arrays/	problems/longest-non-decreasing-subarray-from-two-arrays.json	false	Medium	556	15			2024-03-17 11:23:35		Accepted	2024-03-17 10:02:00		Wrong Answer	2024-03-17 13:20:49		Wrong Answer	
2966	Divide Array Into Arrays With Max Difference	https://leetcode.com/problems/divide-array-into-arrays-with-max-difference/	problems/divide-array-into-arrays-with-max-difference.json	false	Medium	750	183			2024-03-17 10:36:40		Accepted	2024-03-17 09:46:04		Accepted	2024-03-17 12:12:18		Accepted	
2918	Minimum Equal Sum of Two Arrays After Replacing Zeros	https://leetcode.com/problems/minimum-equal-sum-of-two-arrays-after-replacing-zeros/	problems/minimum-equal-sum-of-two-arrays-after-replacing-zeros.json	false	Medium	156	19			2024-03-17 10:49:06		Wrong Answer	2024-03-17 09:50:43		Wrong Answer	2024-03-17 12:32:46		Wrong Answer	
2851	String Transformation	https://leetcode.com/problems/string-transformation/	problems/string-transformation.json	false	Hard	157	27			2024-03-17 11:08:09		Wrong Answer	2024-03-17 09:56:22		Wrong Answer	2024-03-17 12:54:17		Wrong Answer	
2894	Divisible and Non-divisible Sums Difference	https://leetcode.com/problems/divisible-and-non-divisible-sums-difference/	problems/divisible-and-non-divisible-sums-difference.json	false	Easy	176	13			2024-03-17 10:56:11		Accepted	2024-03-17 09:53:40		Wrong Answer	2024-03-17 12:43:55		Accepted	
3043	Find the Length of the Longest Common Prefix	https://leetcode.com/problems/find-the-length-of-the-longest-common-prefix/	problems/find-the-length-of-the-longest-common-prefix.json	false	Medium	127	9			2024-03-17 10:18:20		Time Limit Exceeded	2024-03-17 09:39:37		Wrong Answer	2024-03-17 11:42:54		Time Limit Exceeded	
3013	Divide an Array Into Subarrays With Minimum Cost II	https://leetcode.com/problems/divide-an-array-into-subarrays-with-minimum-cost-ii/	problems/divide-an-array-into-subarrays-with-minimum-cost-ii.json	false	Hard	89	9			2024-03-17 10:26:35		Wrong Answer	2024-03-17 09:41:43		Wrong Answer	2024-03-17 11:56:28		Wrong Answer	
3034	Number of Subarrays That Match a Pattern I	https://leetcode.com/problems/number-of-subarrays-that-match-a-pattern-i/	problems/number-of-subarrays-that-match-a-pattern-i.json	false	Medium	73	6			2024-03-17 10:20:33		Accepted	2024-03-17 09:40:24		Accepted	2024-03-17 11:47:08		Accepted	
3081	Replace Question Marks in String to Minimize Its Value	https://leetcode.com/problems/replace-question-marks-in-string-to-minimize-its-value/	problems/replace-question-marks-in-string-to-minimize-its-value.json	false	Medium	44	14			2024-03-17 09:36:11		Wrong Answer	2024-03-17 09:38:00		Wrong Answer	2024-03-17 09:33:46		Wrong Answer	
2935	Maximum Strong Pair XOR II	https://leetcode.com/problems/maximum-strong-pair-xor-ii/	problems/maximum-strong-pair-xor-ii.json	false	Hard	153	1			2024-03-17 10:44:09		Time Limit Exceeded	2024-03-17 09:49:08		Wrong Answer	2024-03-17 12:25:10		Time Limit Exceeded	
2930	Number of Strings Which Can Be Rearranged to Contain Substring	https://leetcode.com/problems/number-of-strings-which-can-be-rearranged-to-contain-substring/	problems/number-of-strings-which-can-be-rearranged-to-contain-substring.json	false	Medium	149	63			2024-03-17 10:45:57		Wrong Answer	2024-03-17 09:49:29		Wrong Answer	2024-03-17 12:27:48		Wrong Answer	
2875	Minimum Size Subarray in Infinite Array	https://leetcode.com/problems/minimum-size-subarray-in-infinite-array/	problems/minimum-size-subarray-in-infinite-array.json	false	Medium	347	24			2024-03-17 10:57:06		Wrong Answer	2024-03-17 09:53:47		Wrong Answer	2024-03-17 12:44:48		Wrong Answer	
3044	Most Frequent Prime	https://leetcode.com/problems/most-frequent-prime/	problems/most-frequent-prime.json	false	Medium	73	61	img		2024-03-17 10:18:02		Accepted	2024-03-17 09:39:34		Time Limit Exceeded	2024-03-17 11:42:20		Time Limit Exceeded	
2850	Minimum Moves to Spread Stones Over Grid	https://leetcode.com/problems/minimum-moves-to-spread-stones-over-grid/	problems/minimum-moves-to-spread-stones-over-grid.json	false	Medium	466	67	img		2024-03-17 11:08:38		Wrong Answer	2024-03-17 09:56:27		Wrong Answer	2024-03-17 12:54:55		Time Limit Exceeded	
3035	Maximum Palindromes After Operations	https://leetcode.com/problems/maximum-palindromes-after-operations/	problems/maximum-palindromes-after-operations.json	false	Medium	177	8			2024-03-17 10:20:24		Wrong Answer	2024-03-17 09:40:18		Runtime Error	2024-03-17 11:46:32		Runtime Error	
2733	Neither Minimum nor Maximum	https://leetcode.com/problems/neither-minimum-nor-maximum/	problems/neither-minimum-nor-maximum.json	false	Easy	320	15			2024-03-17 11:31:14		Accepted	2024-03-17 10:05:04		Accepted	2024-03-17 13:34:15		Accepted	
2862	Maximum Element-Sum of a Complete Subset of Indices	https://leetcode.com/problems/maximum-element-sum-of-a-complete-subset-of-indices/	problems/maximum-element-sum-of-a-complete-subset-of-indices.json	false	Hard	164	33			2024-03-17 11:05:21		Wrong Answer	2024-03-17 09:54:33		Wrong Answer	2024-03-17 12:50:05		Wrong Answer	
3025	Find the Number of Ways to Place People I	https://leetcode.com/problems/find-the-number-of-ways-to-place-people-i/	problems/find-the-number-of-ways-to-place-people-i.json	false	Medium	36	54	img		2024-03-17 10:23:06		Wrong Answer	2024-03-17 09:41:04		Wrong Answer	2024-03-17 11:50:47		Accepted	
2749	Minimum Operations to Make the Integer Zero	https://leetcode.com/problems/minimum-operations-to-make-the-integer-zero/	problems/minimum-operations-to-make-the-integer-zero.json	false	Medium	270	282			2024-03-17 11:27:44		Time Limit Exceeded	2024-03-17 10:04:05		Time Limit Exceeded	2024-03-17 13:27:49		Wrong Answer	
2765	Longest Alternating Subarray	https://leetcode.com/problems/longest-alternating-subarray/	problems/longest-alternating-subarray.json	false	Easy	200	168			2024-03-17 11:25:10		Wrong Answer	2024-03-17 10:02:26		Wrong Answer	2024-03-17 13:24:02		Wrong Answer	
2874	Maximum Value of an Ordered Triplet II	https://leetcode.com/problems/maximum-value-of-an-ordered-triplet-ii/	problems/maximum-value-of-an-ordered-triplet-ii.json	false	Medium	255	9			2024-03-17 10:57:28		Runtime Error	2024-03-17 09:53:52		Wrong Answer	2024-03-17 12:45:12		Time Limit Exceeded	
3074	Apple Redistribution into Boxes	https://leetcode.com/problems/apple-redistribution-into-boxes/	problems/apple-redistribution-into-boxes.json	false	Easy	56	2			2024-03-17 10:12:32		Accepted	2024-03-17 09:38:31		Wrong Answer	2024-03-17 11:34:51		Accepted	
2895	Minimum Processing Time	https://leetcode.com/problems/minimum-processing-time/	problems/minimum-processing-time.json	false	Medium	143	32			2024-03-17 10:56:02		Wrong Answer	2024-03-17 09:53:36		Wrong Answer	2024-03-17 12:43:31		Wrong Answer	
3076	Shortest Uncommon Substring in an Array	https://leetcode.com/problems/shortest-uncommon-substring-in-an-array/	problems/shortest-uncommon-substring-in-an-array.json	false	Medium	97	8			2024-03-17 10:12:07		Accepted	2024-03-17 09:38:24		Wrong Answer	2024-03-17 11:34:01		Wrong Answer	
3067	Count Pairs of Connectable Servers in a Weighted Tree Network	https://leetcode.com/problems/count-pairs-of-connectable-servers-in-a-weighted-tree-network/	problems/count-pairs-of-connectable-servers-in-a-weighted-tree-network.json	false	Medium	128	17	img		2024-03-17 10:14:24		Wrong Answer	2024-03-17 09:38:59		Wrong Answer	2024-03-17 11:38:22		Wrong Answer	
2786	Visit Array Positions to Maximize Score	https://leetcode.com/problems/visit-array-positions-to-maximize-score/	problems/visit-array-positions-to-maximize-score.json	false	Medium	459	25			2024-03-17 11:21:41		Wrong Answer	2024-03-17 10:00:39		Runtime Error	2024-03-17 13:16:55		Wrong Answer	
2904	Shortest and Lexicographically Smallest Beautiful String	https://leetcode.com/problems/shortest-and-lexicographically-smallest-beautiful-string/	problems/shortest-and-lexicographically-smallest-beautiful-string.json	false	Medium	167	8			2024-03-17 10:53:34		Wrong Answer	2024-03-17 09:51:39		Wrong Answer	2024-03-17 12:39:12		Accepted	
2976	Minimum Cost to Convert String I	https://leetcode.com/problems/minimum-cost-to-convert-string-i/	problems/minimum-cost-to-convert-string-i.json	false	Medium	250	13			2024-03-17 10:33:33		Accepted	2024-03-17 09:44:37		Wrong Answer	2024-03-17 12:07:50		Wrong Answer	
2952	Minimum Number of Coins to be Added	https://leetcode.com/problems/minimum-number-of-coins-to-be-added/	problems/minimum-number-of-coins-to-be-added.json	false	Medium	280	47			2024-03-17 10:40:01		Accepted	2024-03-17 09:48:01		Wrong Answer	2024-03-17 12:18:14		Wrong Answer	
2953	Count Complete Substrings	https://leetcode.com/problems/count-complete-substrings/	problems/count-complete-substrings.json	false	Hard	175	31			2024-03-17 10:39:40		Wrong Answer	2024-03-17 09:47:43		Wrong Answer	2024-03-17 12:17:47		Time Limit Exceeded	
2920	Maximum Points After Collecting Coins From All Nodes	https://leetcode.com/problems/maximum-points-after-collecting-coins-from-all-nodes/	problems/maximum-points-after-collecting-coins-from-all-nodes.json	false	Hard	177	15	img		2024-03-17 10:47:56		Wrong Answer	2024-03-17 09:50:25		Wrong Answer	2024-03-17 12:31:47		Wrong Answer	
2829	Determine the Minimum Sum of a k-avoiding Array	https://leetcode.com/problems/determine-the-minimum-sum-of-a-k-avoiding-array/	problems/determine-the-minimum-sum-of-a-k-avoiding-array.json	false	Medium	316	8			2024-03-17 11:14:23		Wrong Answer	2024-03-17 09:57:32		Wrong Answer	2024-03-17 13:03:30		Wrong Answer	
2876	Count Visited Nodes in a Directed Graph	https://leetcode.com/problems/count-visited-nodes-in-a-directed-graph/	problems/count-visited-nodes-in-a-directed-graph.json	false	Hard	292	5	img		2024-03-17 10:56:35		Time Limit Exceeded	2024-03-17 09:53:44		Wrong Answer	2024-03-17 12:44:20		Time Limit Exceeded	
2864	Maximum Odd Binary Number	https://leetcode.com/problems/maximum-odd-binary-number/	problems/maximum-odd-binary-number.json	false	Easy	720	23			2024-03-17 11:00:26		Accepted	2024-03-17 09:54:29		Wrong Answer	2024-03-17 12:49:38		Wrong Answer	
2770	Maximum Number of Jumps to Reach the Last Index	https://leetcode.com/problems/maximum-number-of-jumps-to-reach-the-last-index/	problems/maximum-number-of-jumps-to-reach-the-last-index.json	false	Medium	393	12			2024-03-17 11:23:47		Accepted	2024-03-17 10:02:07		Wrong Answer	2024-03-17 13:21:19		Accepted	
2833	Furthest Point From Origin	https://leetcode.com/problems/furthest-point-from-origin/	problems/furthest-point-from-origin.json	false	Easy	225	37			2024-03-17 11:13:12		Wrong Answer	2024-03-17 09:57:21		Wrong Answer	2024-03-17 13:02:06		Time Limit Exceeded	
2954	Count the Number of Infection Sequences	https://leetcode.com/problems/count-the-number-of-infection-sequences/	problems/count-the-number-of-infection-sequences.json	false	Hard	66	15			2024-03-17 10:39:17		Wrong Answer	2024-03-17 09:47:25		Wrong Answer	2024-03-17 12:17:07		Wrong Answer	
2959	Number of Possible Sets of Closing Branches	https://leetcode.com/problems/number-of-possible-sets-of-closing-branches/	problems/number-of-possible-sets-of-closing-branches.json	false	Hard	134	10	img		2024-03-17 10:38:19		Wrong Answer	2024-03-17 09:46:26		Wrong Answer	2024-03-17 12:15:21		Accepted	
2900	Longest Unequal Adjacent Groups Subsequence I	https://leetcode.com/problems/longest-unequal-adjacent-groups-subsequence-i/	problems/longest-unequal-adjacent-groups-subsequence-i.json	false	Easy	129	49			2024-03-17 10:54:48		Wrong Answer	2024-03-17 09:52:45		Accepted	2024-03-17 12:41:14		Accepted	
2973	Find Number of Coins to Place in Tree Nodes	https://leetcode.com/problems/find-number-of-coins-to-place-in-tree-nodes/	problems/find-number-of-coins-to-place-in-tree-nodes.json	false	Hard	139	11	img		2024-03-17 10:34:21		Wrong Answer	2024-03-17 09:45:08		Wrong Answer	2024-03-17 12:09:19		Wrong Answer	
3021	Alice and Bob Playing Flower Game	https://leetcode.com/problems/alice-and-bob-playing-flower-game/	problems/alice-and-bob-playing-flower-game.json	false	Medium	81	62			2024-03-17 10:24:06		Wrong Answer	2024-03-17 09:41:14		Wrong Answer	2024-03-17 11:52:24		Runtime Error	
2928	Distribute Candies Among Children I	https://leetcode.com/problems/distribute-candies-among-children-i/	problems/distribute-candies-among-children-i.json	false	Easy	81	41			2024-03-17 10:46:30		Accepted	2024-03-17 09:49:35		Wrong Answer	2024-03-17 12:28:55		Accepted	
2789	Largest Element in an Array after Merge Operations	https://leetcode.com/problems/largest-element-in-an-array-after-merge-operations/	problems/largest-element-in-an-array-after-merge-operations.json	false	Medium	444	29			2024-03-17 11:20:49		Wrong Answer	2024-03-17 10:00:26		Wrong Answer	2024-03-17 13:15:27		Wrong Answer	
2780	Minimum Index of a Valid Split	https://leetcode.com/problems/minimum-index-of-a-valid-split/	problems/minimum-index-of-a-valid-split.json	false	Medium	315	11			2024-03-17 11:22:22		Accepted	2024-03-17 10:01:21		Wrong Answer	2024-03-17 13:18:55		Wrong Answer	
2940	Find Building Where Alice and Bob Can Meet	https://leetcode.com/problems/find-building-where-alice-and-bob-can-meet/	problems/find-building-where-alice-and-bob-can-meet.json	false	Hard	208	3			2024-03-17 10:42:56		Wrong Answer	2024-03-17 09:48:51		Wrong Answer	2024-03-17 12:23:07		Wrong Answer	
2925	Maximum Score After Applying Operations on a Tree	https://leetcode.com/problems/maximum-score-after-applying-operations-on-a-tree/	problems/maximum-score-after-applying-operations-on-a-tree.json	false	Medium	281	58	img		2024-03-17 10:47:13		Wrong Answer	2024-03-17 09:49:55		Wrong Answer	2024-03-17 12:30:03		Wrong Answer	
3068	Find the Maximum Sum of Node Values	https://leetcode.com/problems/find-the-maximum-sum-of-node-values/	problems/find-the-maximum-sum-of-node-values.json	false	Hard	75	12	img		2024-03-17 10:14:00		Wrong Answer	2024-03-17 09:38:55		Wrong Answer	2024-03-17 11:37:39		Wrong Answer	
2965	Find Missing and Repeated Values	https://leetcode.com/problems/find-missing-and-repeated-values/	problems/find-missing-and-repeated-values.json	false	Easy	157	7			2024-03-17 10:37:01		Accepted	2024-03-17 09:46:07		Runtime Error	2024-03-17 12:12:47		Accepted	
3027	Find the Number of Ways to Place People II	https://leetcode.com/problems/find-the-number-of-ways-to-place-people-ii/	problems/find-the-number-of-ways-to-place-people-ii.json	false	Hard	79	14	img		2024-03-17 10:22:21		Wrong Answer	2024-03-17 09:40:54		Wrong Answer	2024-03-17 11:49:51		Wrong Answer	
3006	Find Beautiful Indices in the Given Array I	https://leetcode.com/problems/find-beautiful-indices-in-the-given-array-i/	problems/find-beautiful-indices-in-the-given-array-i.json	false	Medium	132	26			2024-03-17 10:28:15		Accepted	2024-03-17 09:42:19		Time Limit Exceeded	2024-03-17 12:00:12		Accepted	
3047	Find the Largest Area of Square Inside Two Rectangles	https://leetcode.com/problems/find-the-largest-area-of-square-inside-two-rectangles/	problems/find-the-largest-area-of-square-inside-two-rectangles.json	false	Medium	87	39	img		2024-03-17 10:16:10		Accepted	2024-03-17 09:39:21		Wrong Answer	2024-03-17 11:40:43		Accepted	
3070	Count Submatrices with Top-Left Element and Sum Less Than k	https://leetcode.com/problems/count-submatrices-with-top-left-element-and-sum-less-than-k/	problems/count-submatrices-with-top-left-element-and-sum-less-than-k.json	false	Medium	110	4	img		2024-03-17 10:13:29		Accepted	2024-03-17 09:38:46		Runtime Error	2024-03-17 11:36:38		Wrong Answer	
3080	Mark Elements on Array by Performing Queries	https://leetcode.com/problems/mark-elements-on-array-by-performing-queries/	problems/mark-elements-on-array-by-performing-queries.json	false	Medium	32	6			2024-03-17 09:36:33		Time Limit Exceeded	2024-03-17 09:38:04		Wrong Answer	2024-03-17 09:34:16		Time Limit Exceeded	
3075	Maximize Happiness of Selected Children	https://leetcode.com/problems/maximize-happiness-of-selected-children/	problems/maximize-happiness-of-selected-children.json	false	Medium	55	6			2024-03-17 10:12:21		Accepted	2024-03-17 09:38:27		Wrong Answer	2024-03-17 11:34:26		Wrong Answer	
3022	Minimize OR of Remaining Elements Using Operations	https://leetcode.com/problems/minimize-or-of-remaining-elements-using-operations/	problems/minimize-or-of-remaining-elements-using-operations.json	false	Hard	75	14			2024-03-17 10:23:52		Wrong Answer	2024-03-17 09:41:11		Wrong Answer	2024-03-17 11:51:47		Wrong Answer	
2916	Subarrays Distinct Element Sum of Squares II	https://leetcode.com/problems/subarrays-distinct-element-sum-of-squares-ii/	problems/subarrays-distinct-element-sum-of-squares-ii.json	false	Hard	131	8			2024-03-17 10:49:31		Wrong Answer	2024-03-17 09:50:59		Wrong Answer	2024-03-17 12:33:51		Wrong Answer	
3082	Find the Sum of the Power of All Subsequences	https://leetcode.com/problems/find-the-sum-of-the-power-of-all-subsequences/	problems/find-the-sum-of-the-power-of-all-subsequences.json	false	Hard	35	1			2024-03-17 09:35:51		Wrong Answer	2024-03-17 09:37:56		Wrong Answer	2024-03-17 09:30:20		Wrong Answer	
2769	Find the Maximum Achievable Number	https://leetcode.com/problems/find-the-maximum-achievable-number/	problems/find-the-maximum-achievable-number.json	false	Easy	282	384			2024-03-17 11:23:56		Wrong Answer	2024-03-17 10:02:10		Wrong Answer	2024-03-17 13:21:55		Wrong Answer	
2816	Double a Number Represented as a Linked List	https://leetcode.com/problems/double-a-number-represented-as-a-linked-list/	problems/double-a-number-represented-as-a-linked-list.json	false	Medium	462	6	img		2024-03-17 11:16:14		Runtime Error	2024-03-17 09:59:20		Wrong Answer	2024-03-17 13:07:25		Accepted	
2813	Maximum Elegance of a K-Length Subsequence	https://leetcode.com/problems/maximum-elegance-of-a-k-length-subsequence/	problems/maximum-elegance-of-a-k-length-subsequence.json	false	Hard	281	3			2024-03-17 11:16:54		Wrong Answer	2024-03-17 09:59:31		Wrong Answer	2024-03-17 13:08:30		Wrong Answer	
2975	Maximum Square Area by Removing Fences From a Field	https://leetcode.com/problems/maximum-square-area-by-removing-fences-from-a-field/	problems/maximum-square-area-by-removing-fences-from-a-field.json	false	Medium	126	114	img		2024-03-17 10:33:46		Wrong Answer	2024-03-17 09:44:41		Wrong Answer	2024-03-17 12:08:19		Wrong Answer	
2944	Minimum Number of Coins for Fruits	https://leetcode.com/problems/minimum-number-of-coins-for-fruits/	problems/minimum-number-of-coins-for-fruits.json	false	Medium	178	34			2024-03-17 10:42:06		Wrong Answer	2024-03-17 09:48:39		Wrong Answer	2024-03-17 12:21:46		Wrong Answer	
3014	Minimum Number of Pushes to Type Word I	https://leetcode.com/problems/minimum-number-of-pushes-to-type-word-i/	problems/minimum-number-of-pushes-to-type-word-i.json	false	Easy	93	20	img		2024-03-17 10:26:02		Wrong Answer	2024-03-17 09:41:40		Wrong Answer	2024-03-17 11:55:34		Wrong Answer	
3046	Split the Array	https://leetcode.com/problems/split-the-array/	problems/split-the-array.json	false	Easy	71	6			2024-03-17 10:16:30		Accepted	2024-03-17 09:39:25		Wrong Answer	2024-03-17 11:41:11		Accepted	
2806	Account Balance After Rounded Purchase	https://leetcode.com/problems/account-balance-after-rounded-purchase/	problems/account-balance-after-rounded-purchase.json	false	Easy	187	41			2024-03-17 11:19:06		Wrong Answer	2024-03-17 09:59:58		Wrong Answer	2024-03-17 13:12:03		Wrong Answer	
3017	Count the Number of Houses at a Certain Distance II	https://leetcode.com/problems/count-the-number-of-houses-at-a-certain-distance-ii/	problems/count-the-number-of-houses-at-a-certain-distance-ii.json	false	Hard	66	21	img		2024-03-17 10:24:53		Wrong Answer	2024-03-17 09:41:26		Wrong Answer	2024-03-17 11:54:03		Wrong Answer	
2963	Count the Number of Good Partitions	https://leetcode.com/problems/count-the-number-of-good-partitions/	problems/count-the-number-of-good-partitions.json	false	Hard	212	3			2024-03-17 10:37:17		Wrong Answer	2024-03-17 09:46:11		Wrong Answer	2024-03-17 12:13:22		Wrong Answer	
2903	Find Indices With Index and Value Difference I	https://leetcode.com/problems/find-indices-with-index-and-value-difference-i/	problems/find-indices-with-index-and-value-difference-i.json	false	Easy	119	12			2024-03-17 10:53:42		Accepted	2024-03-17 09:51:42		Accepted	2024-03-17 12:39:37		Accepted	
2811	Check if it is Possible to Split Array	https://leetcode.com/problems/check-if-it-is-possible-to-split-array/	problems/check-if-it-is-possible-to-split-array.json	false	Medium	439	86			2024-03-17 11:17:50		Wrong Answer	2024-03-17 09:59:40		Wrong Answer	2024-03-17 13:09:39		Wrong Answer	
2824	Count Pairs Whose Sum is Less than Target	https://leetcode.com/problems/count-pairs-whose-sum-is-less-than-target/	problems/count-pairs-whose-sum-is-less-than-target.json	false	Easy	477	44			2024-03-17 11:15:21		Accepted	2024-03-17 09:58:32		Accepted	2024-03-17 13:05:44		Accepted	
3030	Find the Grid of Region Average	https://leetcode.com/problems/find-the-grid-of-region-average/	problems/find-the-grid-of-region-average.json	false	Medium	42	103	img		2024-03-17 10:21:39		Wrong Answer	2024-03-17 09:40:43		Wrong Answer	2024-03-17 11:48:38		Wrong Answer	
2739	Total Distance Traveled	https://leetcode.com/problems/total-distance-traveled/	problems/total-distance-traveled.json	false	Easy	264	94			2024-03-17 11:30:14		Wrong Answer	2024-03-17 10:04:49		Wrong Answer	2024-03-17 13:32:20		Wrong Answer	
2905	Find Indices With Index and Value Difference II	https://leetcode.com/problems/find-indices-with-index-and-value-difference-ii/	problems/find-indices-with-index-and-value-difference-ii.json	false	Medium	242	10			2024-03-17 10:52:59		Wrong Answer	2024-03-17 09:51:35		Time Limit Exceeded	2024-03-17 12:38:40		Time Limit Exceeded	
2858	Minimum Edge Reversals So Every Node Is Reachable	https://leetcode.com/problems/minimum-edge-reversals-so-every-node-is-reachable/	problems/minimum-edge-reversals-so-every-node-is-reachable.json	false	Hard	265	3	img		2024-03-17 11:06:37		Wrong Answer	2024-03-17 09:55:19		Wrong Answer	2024-03-17 12:52:28		Wrong Answer	
2778	Sum of Squares of Special Elements 	https://leetcode.com/problems/sum-of-squares-of-special-elements/	problems/sum-of-squares-of-special-elements.json	false	Easy	248	87			2024-03-17 11:22:48		Accepted	2024-03-17 10:01:40		Accepted	2024-03-17 13:19:50		Accepted	
3010	Divide an Array Into Subarrays With Minimum Cost I	https://leetcode.com/problems/divide-an-array-into-subarrays-with-minimum-cost-i/	problems/divide-an-array-into-subarrays-with-minimum-cost-i.json	false	Easy	73	4			2024-03-17 10:27:26		Accepted	2024-03-17 09:42:02		Runtime Error	2024-03-17 11:58:02		Wrong Answer	
2734	Lexicographically Smallest String After Substring Operation	https://leetcode.com/problems/lexicographically-smallest-string-after-substring-operation/	problems/lexicographically-smallest-string-after-substring-operation.json	false	Medium	210	178			2024-03-17 11:31:05		Wrong Answer	2024-03-17 10:05:01		Wrong Answer	2024-03-17 13:33:52		Wrong Answer	
2741	Special Permutations	https://leetcode.com/problems/special-permutations/	problems/special-permutations.json	false	Medium	537	60			2024-03-17 11:29:52		Accepted	2024-03-17 10:04:43		Runtime Error	2024-03-17 13:31:26		Time Limit Exceeded	
2867	Count Valid Paths in a Tree	https://leetcode.com/problems/count-valid-paths-in-a-tree/	problems/count-valid-paths-in-a-tree.json	false	Hard	225	6	img		2024-03-17 10:59:28		Wrong Answer	2024-03-17 09:54:17		Wrong Answer	2024-03-17 12:48:14		Runtime Error	
2761	Prime Pairs With Target Sum	https://leetcode.com/problems/prime-pairs-with-target-sum/	problems/prime-pairs-with-target-sum.json	false	Medium	343	32			2024-03-17 11:25:56		Time Limit Exceeded				2024-03-17 13:25:34		Accepted	
2870	Minimum Number of Operations to Make Array Empty	https://leetcode.com/problems/minimum-number-of-operations-to-make-array-empty/	problems/minimum-number-of-operations-to-make-array-empty.json	false	Medium	1330	61			2024-03-17 10:58:47		Accepted	2024-03-17 09:54:09		Wrong Answer	2024-03-17 12:47:19		Accepted	
2736	Maximum Sum Queries	https://leetcode.com/problems/maximum-sum-queries/	problems/maximum-sum-queries.json	false	Hard	311	15			2024-03-17 11:30:26		Time Limit Exceeded	2024-03-17 10:04:53		Wrong Answer	2024-03-17 13:32:50		Wrong Answer	
2842	Count K-Subsequences of a String With Maximum Beauty	https://leetcode.com/problems/count-k-subsequences-of-a-string-with-maximum-beauty/	problems/count-k-subsequences-of-a-string-with-maximum-beauty.json	false	Hard	310	30			2024-03-17 11:11:26		Wrong Answer	2024-03-17 09:56:55		Wrong Answer	2024-03-17 12:58:36		Wrong Answer	
2766	Relocate Marbles	https://leetcode.com/problems/relocate-marbles/	problems/relocate-marbles.json	false	Medium	183	14			2024-03-17 11:24:55		Accepted	2024-03-17 10:02:22		Runtime Error	2024-03-17 13:23:27		Accepted	
2830	Maximize the Profit as the Salesman	https://leetcode.com/problems/maximize-the-profit-as-the-salesman/	problems/maximize-the-profit-as-the-salesman.json	false	Medium	632	21			2024-03-17 11:14:06		Wrong Answer	2024-03-17 09:57:29		Wrong Answer	2024-03-17 13:03:02		Accepted	
3042	Count Prefix and Suffix Pairs I	https://leetcode.com/problems/count-prefix-and-suffix-pairs-i/	problems/count-prefix-and-suffix-pairs-i.json	false	Easy	74	0			2024-03-17 10:18:31		Accepted	2024-03-17 09:39:41		Accepted	2024-03-17 11:43:27		Accepted	
3003	Maximize the Number of Partitions After Operations	https://leetcode.com/problems/maximize-the-number-of-partitions-after-operations/	problems/maximize-the-number-of-partitions-after-operations.json	false	Hard	88	21			2024-03-17 10:28:58		Runtime Error	2024-03-17 09:42:30		Wrong Answer	2024-03-17 12:01:12		Time Limit Exceeded	
3019	Number of Changing Keys	https://leetcode.com/problems/number-of-changing-keys/	problems/number-of-changing-keys.json	false	Easy	72	8			2024-03-17 10:24:33		Accepted	2024-03-17 09:41:22		Accepted	2024-03-17 11:53:31		Accepted	
2844	Minimum Operations to Make a Special Number	https://leetcode.com/problems/minimum-operations-to-make-a-special-number/	problems/minimum-operations-to-make-a-special-number.json	false	Medium	331	49			2024-03-17 11:10:05		Wrong Answer	2024-03-17 09:56:46		Wrong Answer	2024-03-17 12:57:29		Wrong Answer	
2931	Maximum Spending After Buying Items	https://leetcode.com/problems/maximum-spending-after-buying-items/	problems/maximum-spending-after-buying-items.json	false	Hard	82	26			2024-03-17 10:45:20		Wrong Answer	2024-03-17 09:49:25		Wrong Answer	2024-03-17 12:27:16		Accepted	
2869	Minimum Operations to Collect Elements	https://leetcode.com/problems/minimum-operations-to-collect-elements/	problems/minimum-operations-to-collect-elements.json	false	Easy	152	15			2024-03-17 10:59:05		Wrong Answer	2024-03-17 09:54:12		Wrong Answer	2024-03-17 12:47:38		Accepted	
2835	Minimum Operations to Form Subsequence With Target Sum	https://leetcode.com/problems/minimum-operations-to-form-subsequence-with-target-sum/	problems/minimum-operations-to-form-subsequence-with-target-sum.json	false	Hard	515	126			2024-03-17 11:12:44		Wrong Answer	2024-03-17 09:57:14		Wrong Answer	2024-03-17 13:01:03		Wrong Answer	
3036	Number of Subarrays That Match a Pattern II	https://leetcode.com/problems/number-of-subarrays-that-match-a-pattern-ii/	problems/number-of-subarrays-that-match-a-pattern-ii.json	false	Hard	119	5			2024-03-17 10:20:11		Time Limit Exceeded	2024-03-17 09:40:12		Wrong Answer	2024-03-17 11:45:55		Time Limit Exceeded	
2934	Minimum Operations to Maximize Last Elements in Arrays	https://leetcode.com/problems/minimum-operations-to-maximize-last-elements-in-arrays/	problems/minimum-operations-to-maximize-last-elements-in-arrays.json	false	Medium	170	15			2024-03-17 10:44:34		Wrong Answer	2024-03-17 09:49:13		Wrong Answer	2024-03-17 12:25:45		Wrong Answer	
2808	Minimum Seconds to Equalize a Circular Array	https://leetcode.com/problems/minimum-seconds-to-equalize-a-circular-array/	problems/minimum-seconds-to-equalize-a-circular-array.json	false	Medium	501	29			2024-03-17 11:18:42		Wrong Answer	2024-03-17 09:59:51		Wrong Answer	2024-03-17 13:11:07		Wrong Answer	
2970	Count the Number of Incremovable Subarrays I	https://leetcode.com/problems/count-the-number-of-incremovable-subarrays-i/	problems/count-the-number-of-incremovable-subarrays-i.json	false	Easy	121	76			2024-03-17 10:35:28		Accepted	2024-03-17 09:45:37		Wrong Answer	2024-03-17 12:10:46		Accepted	
3016	Minimum Number of Pushes to Type Word II	https://leetcode.com/problems/minimum-number-of-pushes-to-type-word-ii/	problems/minimum-number-of-pushes-to-type-word-ii.json	false	Medium	121	4	img		2024-03-17 10:25:05		Accepted	2024-03-17 09:41:31		Wrong Answer	2024-03-17 11:54:33		Wrong Answer	
2798	Number of Employees Who Met the Target	https://leetcode.com/problems/number-of-employees-who-met-the-target/	problems/number-of-employees-who-met-the-target.json	false	Easy	436	57			2024-03-17 11:20:07		Accepted	2024-03-17 10:00:14		Accepted	2024-03-17 13:13:58		Accepted	
3033	Modify the Matrix	https://leetcode.com/problems/modify-the-matrix/	problems/modify-the-matrix.json	false	Easy	80	2	img		2024-03-17 10:20:56		Accepted	2024-03-17 09:40:30		Accepted	2024-03-17 11:47:30		Accepted	
2926	Maximum Balanced Subsequence Sum	https://leetcode.com/problems/maximum-balanced-subsequence-sum/	problems/maximum-balanced-subsequence-sum.json	false	Hard	167	8			2024-03-17 10:46:43		Wrong Answer	2024-03-17 09:49:39		Time Limit Exceeded	2024-03-17 12:29:27		Time Limit Exceeded	
3026	Maximum Good Subarray Sum	https://leetcode.com/problems/maximum-good-subarray-sum/	problems/maximum-good-subarray-sum.json	false	Medium	237	12			2024-03-17 10:22:39		Wrong Answer	2024-03-17 09:40:59		Wrong Answer	2024-03-17 11:50:17		Wrong Answer	
2762	Continuous Subarrays	https://leetcode.com/problems/continuous-subarrays/	problems/continuous-subarrays.json	false	Medium	647	19			2024-03-17 11:25:42		Time Limit Exceeded	2024-03-17 10:02:33		Wrong Answer	2024-03-17 13:25:03		Time Limit Exceeded	
2932	Maximum Strong Pair XOR I	https://leetcode.com/problems/maximum-strong-pair-xor-i/	problems/maximum-strong-pair-xor-i.json	false	Easy	107	9			2024-03-17 10:45:09		Accepted	2024-03-17 09:49:21		Accepted	2024-03-17 12:26:42		Accepted	
2827	Number of Beautiful Integers in the Range	https://leetcode.com/problems/number-of-beautiful-integers-in-the-range/	problems/number-of-beautiful-integers-in-the-range.json	false	Hard	336	34			2024-03-17 11:14:38		Time Limit Exceeded	2024-03-17 09:57:39		Time Limit Exceeded	2024-03-17 13:04:23		Time Limit Exceeded	
2937	Make Three Strings Equal	https://leetcode.com/problems/make-three-strings-equal/	problems/make-three-strings-equal.json	false	Easy	134	32			2024-03-17 10:43:48		Accepted	2024-03-17 09:49:05		Runtime Error	2024-03-17 12:24:40		Wrong Answer	
2788	Split Strings by Separator	https://leetcode.com/problems/split-strings-by-separator/	problems/split-strings-by-separator.json	false	Easy	294	7			2024-03-17 11:20:59		Accepted	2024-03-17 10:00:29		Accepted	2024-03-17 13:15:55		Accepted	
2958	Length of Longest Subarray With at Most K Frequency	https://leetcode.com/problems/length-of-longest-subarray-with-at-most-k-frequency/	problems/length-of-longest-subarray-with-at-most-k-frequency.json	false	Medium	197	7			2024-03-17 10:38:27		Accepted	2024-03-17 09:46:30		Wrong Answer	2024-03-17 12:15:48		Time Limit Exceeded	
2839	Check if Strings Can be Made Equal With Operations I	https://leetcode.com/problems/check-if-strings-can-be-made-equal-with-operations-i/	problems/check-if-strings-can-be-made-equal-with-operations-i.json	false	Easy	172	23			2024-03-17 11:12:06		Accepted	2024-03-17 09:57:06		Wrong Answer	2024-03-17 12:59:53		Wrong Answer	
2768	Number of Black Blocks	https://leetcode.com/problems/number-of-black-blocks/	problems/number-of-black-blocks.json	false	Medium	220	22	img		2024-03-17 11:24:12		Accepted	2024-03-17 10:02:14		Time Limit Exceeded	2024-03-17 13:22:25		Time Limit Exceeded	
2871	Split Array Into Maximum Number of Subarrays	https://leetcode.com/problems/split-array-into-maximum-number-of-subarrays/	problems/split-array-into-maximum-number-of-subarrays.json	false	Medium	206	29			2024-03-17 10:58:23		Wrong Answer	2024-03-17 09:54:05		Wrong Answer	2024-03-17 12:46:47		Wrong Answer	
2799	Count Complete Subarrays in an Array	https://leetcode.com/problems/count-complete-subarrays-in-an-array/	problems/count-complete-subarrays-in-an-array.json	false	Medium	513	12			2024-03-17 11:20:01		Accepted	2024-03-17 10:00:11		Runtime Error	2024-03-17 13:13:37		Accepted	
2836	Maximize Value of Function in a Ball Passing Game	https://leetcode.com/problems/maximize-value-of-function-in-a-ball-passing-game/	problems/maximize-value-of-function-in-a-ball-passing-game.json	false	Hard	212	84			2024-03-17 11:12:27		Runtime Error	2024-03-17 09:57:11		Wrong Answer	2024-03-17 13:00:27		Wrong Answer	
2923	Find Champion I	https://leetcode.com/problems/find-champion-i/	problems/find-champion-i.json	false	Easy	121	32			2024-03-17 10:47:34		Wrong Answer	2024-03-17 09:50:15		Wrong Answer	2024-03-17 12:31:08		Accepted	
3031	Minimum Time to Revert Word to Initial State II	https://leetcode.com/problems/minimum-time-to-revert-word-to-initial-state-ii/	problems/minimum-time-to-revert-word-to-initial-state-ii.json	false	Hard	115	21			2024-03-17 10:21:08		Wrong Answer	2024-03-17 09:40:36		Wrong Answer	2024-03-17 11:48:00		Wrong Answer	
2938	Separate Black and White Balls	https://leetcode.com/problems/separate-black-and-white-balls/	problems/separate-black-and-white-balls.json	false	Medium	153	6			2024-03-17 10:43:32		Wrong Answer	2024-03-17 09:49:00		Wrong Answer	2024-03-17 12:23:59		Wrong Answer	
2815	Max Pair Sum in an Array	https://leetcode.com/problems/max-pair-sum-in-an-array/	problems/max-pair-sum-in-an-array.json	false	Easy	310	111			2024-03-17 11:16:31		Accepted	2024-03-17 09:59:27		Wrong Answer	2024-03-17 13:07:51		Accepted	
2913	Subarrays Distinct Element Sum of Squares I	https://leetcode.com/problems/subarrays-distinct-element-sum-of-squares-i/	problems/subarrays-distinct-element-sum-of-squares-i.json	false	Easy	121	21			2024-03-17 10:50:19		Accepted	2024-03-17 09:51:11		Wrong Answer	2024-03-17 12:35:23		Accepted	
2899	Last Visited Integers	https://leetcode.com/problems/last-visited-integers/	problems/last-visited-integers.json	false	Easy	114	179			2024-03-17 10:55:01		Accepted	2024-03-17 09:53:03		Wrong Answer	2024-03-17 12:41:43		Accepted	
2901	Longest Unequal Adjacent Groups Subsequence II	https://leetcode.com/problems/longest-unequal-adjacent-groups-subsequence-ii/	problems/longest-unequal-adjacent-groups-subsequence-ii.json	false	Medium	185	20			2024-03-17 10:54:28		Wrong Answer	2024-03-17 09:52:27		Wrong Answer	2024-03-17 12:40:40		Accepted	
3015	Count the Number of Houses at a Certain Distance I	https://leetcode.com/problems/count-the-number-of-houses-at-a-certain-distance-i/	problems/count-the-number-of-houses-at-a-certain-distance-i.json	false	Medium	119	26	img		2024-03-17 10:25:21		Wrong Answer	2024-03-17 09:41:35		Wrong Answer	2024-03-17 11:55:05		Wrong Answer	
3072	Distribute Elements Into Two Arrays II	https://leetcode.com/problems/distribute-elements-into-two-arrays-ii/	problems/distribute-elements-into-two-arrays-ii.json	false	Hard	115	10			2024-03-17 10:12:48		Wrong Answer	2024-03-17 09:38:36		Runtime Error	2024-03-17 11:35:25		Time Limit Exceeded	
2848	Points That Intersect With Cars	https://leetcode.com/problems/points-that-intersect-with-cars/	problems/points-that-intersect-with-cars.json	false	Easy	245	19			2024-03-17 11:09:05		Accepted	2024-03-17 09:56:34		Accepted	2024-03-17 12:55:45		Accepted	
3071	Minimum Operations to Write the Letter Y on a Grid	https://leetcode.com/problems/minimum-operations-to-write-the-letter-y-on-a-grid/	problems/minimum-operations-to-write-the-letter-y-on-a-grid.json	false	Medium	70	14	img		2024-03-17 10:13:06		Wrong Answer	2024-03-17 09:38:41		Wrong Answer	2024-03-17 11:35:59		Wrong Answer	
2929	Distribute Candies Among Children II	https://leetcode.com/problems/distribute-candies-among-children-ii/	problems/distribute-candies-among-children-ii.json	false	Medium	82	105			2024-03-17 10:46:17		Time Limit Exceeded	2024-03-17 09:49:32		Wrong Answer	2024-03-17 12:28:19		Wrong Answer	
2845	Count of Interesting Subarrays	https://leetcode.com/problems/count-of-interesting-subarrays/	problems/count-of-interesting-subarrays.json	false	Medium	474	67			2024-03-17 11:09:48		Accepted	2024-03-17 09:56:43		Wrong Answer	2024-03-17 12:56:54		Wrong Answer	
2983	Palindrome Rearrangement Queries	https://leetcode.com/problems/palindrome-rearrangement-queries/	problems/palindrome-rearrangement-queries.json	false	Hard	76	24			2024-03-17 10:31:24		Wrong Answer	2024-03-17 09:44:18		Wrong Answer	2024-03-17 12:05:20		Wrong Answer	
2807	Insert Greatest Common Divisors in Linked List	https://leetcode.com/problems/insert-greatest-common-divisors-in-linked-list/	problems/insert-greatest-common-divisors-in-linked-list.json	false	Medium	468	15	img		2024-03-17 11:18:57		Accepted	2024-03-17 09:59:55		Wrong Answer	2024-03-17 13:11:40		Accepted	
2906	Construct Product Matrix	https://leetcode.com/problems/construct-product-matrix/	problems/construct-product-matrix.json	false	Medium	212	15			2024-03-17 10:52:46		Wrong Answer	2024-03-17 09:51:31		Wrong Answer	2024-03-17 12:38:15		Wrong Answer	
2860	Happy Students	https://leetcode.com/problems/happy-students/	problems/happy-students.json	false	Medium	155	286			2024-03-17 11:06:03		Wrong Answer	2024-03-17 09:54:42		Wrong Answer	2024-03-17 12:51:22		Wrong Answer	
3011	Find if Array Can Be Sorted	https://leetcode.com/problems/find-if-array-can-be-sorted/	problems/find-if-array-can-be-sorted.json	false	Medium	99	10			2024-03-17 10:27:06		Wrong Answer	2024-03-17 09:41:56		Wrong Answer	2024-03-17 11:57:29		Wrong Answer	
2910	Minimum Number of Groups to Create a Valid Assignment	https://leetcode.com/problems/minimum-number-of-groups-to-create-a-valid-assignment/	problems/minimum-number-of-groups-to-create-a-valid-assignment.json	false	Medium	270	158			2024-03-17 10:51:24		Time Limit Exceeded	2024-03-17 09:51:20		Wrong Answer	2024-03-17 12:36:38		Wrong Answer	
2818	Apply Operations to Maximize Score	https://leetcode.com/problems/apply-operations-to-maximize-score/	problems/apply-operations-to-maximize-score.json	false	Hard	308	10			2024-03-17 11:15:42		Wrong Answer	2024-03-17 09:58:52		Wrong Answer	2024-03-17 13:06:21		Wrong Answer	
2787	Ways to Express an Integer as Sum of Powers	https://leetcode.com/problems/ways-to-express-an-integer-as-sum-of-powers/	problems/ways-to-express-an-integer-as-sum-of-powers.json	false	Medium	378	12			2024-03-17 11:21:16		Accepted	2024-03-17 10:00:33		Wrong Answer	2024-03-17 13:16:27		Wrong Answer	
2872	Maximum Number of K-Divisible Components	https://leetcode.com/problems/maximum-number-of-k-divisible-components/	problems/maximum-number-of-k-divisible-components.json	false	Hard	177	3	img		2024-03-17 10:58:13		Accepted	2024-03-17 09:54:00		Wrong Answer	2024-03-17 12:46:22		Wrong Answer	
2735	Collecting Chocolates	https://leetcode.com/problems/collecting-chocolates/	problems/collecting-chocolates.json	false	Medium	276	531			2024-03-17 11:30:39		Wrong Answer	2024-03-17 10:04:58		Wrong Answer	2024-03-17 13:33:23		Wrong Answer	
2961	Double Modular Exponentiation	https://leetcode.com/problems/double-modular-exponentiation/	problems/double-modular-exponentiation.json	false	Medium	96	16			2024-03-17 10:37:47		Accepted	2024-03-17 09:46:19		Wrong Answer	2024-03-17 12:14:19		Wrong Answer	
2748	Number of Beautiful Pairs	https://leetcode.com/problems/number-of-beautiful-pairs/	problems/number-of-beautiful-pairs.json	false	Easy	191	35			2024-03-17 11:27:54		Accepted	2024-03-17 10:04:15		Wrong Answer	2024-03-17 13:28:17		Accepted	
2974	Minimum Number Game	https://leetcode.com/problems/minimum-number-game/	problems/minimum-number-game.json	false	Easy	171	8			2024-03-17 10:33:53		Accepted	2024-03-17 09:44:58		Wrong Answer	2024-03-17 12:08:43		Wrong Answer	
2784	Check if Array is Good	https://leetcode.com/problems/check-if-array-is-good/	problems/check-if-array-is-good.json	false	Easy	253	49			2024-03-17 11:21:55		Accepted	2024-03-17 10:01:01		Accepted	2024-03-17 13:17:51		Accepted	
2945	Find Maximum Non-decreasing Array Length	https://leetcode.com/problems/find-maximum-non-decreasing-array-length/	problems/find-maximum-non-decreasing-array-length.json	false	Hard	126	14			2024-03-17 10:41:51		Wrong Answer	2024-03-17 09:48:36		Wrong Answer	2024-03-17 12:21:18		Wrong Answer	
2999	Count the Number of Powerful Integers	https://leetcode.com/problems/count-the-number-of-powerful-integers/	problems/count-the-number-of-powerful-integers.json	false	Hard	86	6			2024-03-17 10:30:15		Wrong Answer	2024-03-17 09:43:41		Time Limit Exceeded	2024-03-17 12:03:11		Time Limit Exceeded	
3041	Maximize Consecutive Elements in an Array After Modification	https://leetcode.com/problems/maximize-consecutive-elements-in-an-array-after-modification/	problems/maximize-consecutive-elements-in-an-array-after-modification.json	false	Hard	125	4			2024-03-17 10:18:46		Wrong Answer	2024-03-17 09:39:48		Wrong Answer	2024-03-17 11:43:54		Wrong Answer	
2746	Decremental String Concatenation	https://leetcode.com/problems/decremental-string-concatenation/	problems/decremental-string-concatenation.json	false	Medium	346	32			2024-03-17 11:28:32		Wrong Answer	2024-03-17 10:04:25		Runtime Error	2024-03-17 13:29:23		Wrong Answer	
2856	Minimum Array Length After Pair Removals	https://leetcode.com/problems/minimum-array-length-after-pair-removals/	problems/minimum-array-length-after-pair-removals.json	false	Medium	293	90			2024-03-17 11:07:14		Wrong Answer	2024-03-17 09:55:54		Wrong Answer	2024-03-17 12:53:13		Wrong Answer	
2866	Beautiful Towers II	https://leetcode.com/problems/beautiful-towers-ii/	problems/beautiful-towers-ii.json	false	Medium	368	23			2024-03-17 10:59:55		Wrong Answer	2024-03-17 09:54:21		Wrong Answer	2024-03-17 12:48:46		Wrong Answer	
2902	Count of Sub-Multisets With Bounded Sum	https://leetcode.com/problems/count-of-sub-multisets-with-bounded-sum/	problems/count-of-sub-multisets-with-bounded-sum.json	false	Hard	133	20			2024-03-17 10:54:03		Wrong Answer	2024-03-17 09:51:59		Wrong Answer	2024-03-17 12:40:06		Wrong Answer	
2781	Length of the Longest Valid Substring	https://leetcode.com/problems/length-of-the-longest-valid-substring/	problems/length-of-the-longest-valid-substring.json	false	Hard	503	18			2024-03-17 11:22:10		Time Limit Exceeded	2024-03-17 10:01:11		Wrong Answer	2024-03-17 13:18:22		Wrong Answer	
2840	Check if Strings Can be Made Equal With Operations II	https://leetcode.com/problems/check-if-strings-can-be-made-equal-with-operations-ii/	problems/check-if-strings-can-be-made-equal-with-operations-ii.json	false	Medium	241	3			2024-03-17 11:11:49		Accepted	2024-03-17 09:57:03		Wrong Answer	2024-03-17 12:59:29		Wrong Answer	
2763	Sum of Imbalance Numbers of All Subarrays	https://leetcode.com/problems/sum-of-imbalance-numbers-of-all-subarrays/	problems/sum-of-imbalance-numbers-of-all-subarrays.json	false	Hard	290	8			2024-03-17 11:25:31		Time Limit Exceeded	2024-03-17 10:02:30		Wrong Answer	2024-03-17 13:24:36		Time Limit Exceeded	
2971	Find Polygon With the Largest Perimeter	https://leetcode.com/problems/find-polygon-with-the-largest-perimeter/	problems/find-polygon-with-the-largest-perimeter.json	false	Medium	742	68			2024-03-17 10:35:01		Wrong Answer	2024-03-17 09:45:27		Wrong Answer	2024-03-17 12:10:18		Wrong Answer	
3008	Find Beautiful Indices in the Given Array II	https://leetcode.com/problems/find-beautiful-indices-in-the-given-array-ii/	problems/find-beautiful-indices-in-the-given-array-ii.json	false	Hard	140	10			2024-03-17 10:27:45		Time Limit Exceeded	2024-03-17 09:42:07		Time Limit Exceeded	2024-03-17 11:59:11		Time Limit Exceeded	
3066	Minimum Operations to Exceed Threshold Value II	https://leetcode.com/problems/minimum-operations-to-exceed-threshold-value-ii/	problems/minimum-operations-to-exceed-threshold-value-ii.json	false	Medium	72	3			2024-03-17 10:14:40		Accepted	2024-03-17 09:39:03		Wrong Answer	2024-03-17 11:38:51		Accepted	
2960	Count Tested Devices After Test Operations	https://leetcode.com/problems/count-tested-devices-after-test-operations/	problems/count-tested-devices-after-test-operations.json	false	Easy	117	10			2024-03-17 10:37:58		Accepted	2024-03-17 09:46:22		Accepted	2024-03-17 12:14:43		Accepted	
2859	Sum of Values at Indices With K Set Bits	https://leetcode.com/problems/sum-of-values-at-indices-with-k-set-bits/	problems/sum-of-values-at-indices-with-k-set-bits.json	false	Easy	222	30			2024-03-17 11:06:13		Accepted	2024-03-17 09:54:46		Accepted	2024-03-17 12:51:50		Accepted	
2826	Sorting Three Groups	https://leetcode.com/problems/sorting-three-groups/	problems/sorting-three-groups.json	false	Medium	362	87			2024-03-17 11:14:57		Wrong Answer	2024-03-17 09:57:43		Wrong Answer	2024-03-17 13:04:53		Wrong Answer	
2980	Check if Bitwise OR Has Trailing Zeros	https://leetcode.com/problems/check-if-bitwise-or-has-trailing-zeros/	problems/check-if-bitwise-or-has-trailing-zeros.json	false	Easy	88	6			2024-03-17 10:32:35		Runtime Error	2024-03-17 09:44:29		Wrong Answer	2024-03-17 12:06:45		Wrong Answer	
3001	Minimum Moves to Capture The Queen	https://leetcode.com/problems/minimum-moves-to-capture-the-queen/	problems/minimum-moves-to-capture-the-queen.json	false	Medium	138	186	img		2024-03-17 10:29:46		Wrong Answer	2024-03-17 09:43:05		Wrong Answer	2024-03-17 12:02:11		Wrong Answer	
2849	Determine if a Cell Is Reachable at a Given Time	https://leetcode.com/problems/determine-if-a-cell-is-reachable-at-a-given-time/	problems/determine-if-a-cell-is-reachable-at-a-given-time.json	false	Medium	805	745	img		2024-03-17 11:08:55		Wrong Answer	2024-03-17 09:56:31		Wrong Answer	2024-03-17 12:55:23		Wrong Answer	
2915	Length of the Longest Subsequence That Sums to Target	https://leetcode.com/problems/length-of-the-longest-subsequence-that-sums-to-target/	problems/length-of-the-longest-subsequence-that-sums-to-target.json	false	Medium	182	23			2024-03-17 10:49:51		Time Limit Exceeded	2024-03-17 09:51:03		Wrong Answer	2024-03-17 12:34:29		Wrong Answer	
2791	Count Paths That Can Form a Palindrome in a Tree	https://leetcode.com/problems/count-paths-that-can-form-a-palindrome-in-a-tree/	problems/count-paths-that-can-form-a-palindrome-in-a-tree.json	false	Hard	357	5	img		2024-03-17 11:20:24		Wrong Answer	2024-03-17 10:00:18		Wrong Answer	2024-03-17 13:14:35		Wrong Answer	
